[{"model": "portfolio.about", "pk": 1, "fields": {"bio": "As a Computer Science and Mathematics major at Amherst College, I’ve worked on projects ranging from building machine learning models to developing dynamic web applications. Whether it’s automating workflows, designing predictive models, or crafting full-stack solutions, I thrive on turning complex problems into impactful technology. When I’m not coding, you’ll find me on the soccer field or busy playing and exploring new music. I’m always eager to learn, grow, and use technology to create solutions that make a significant impact on others."}}, {"model": "portfolio.skill", "pk": 1, "fields": {"name": "Python", "icon": "skills/Python-logo-notext.svg_SPCBgZe.png"}}, {"model": "portfolio.skill", "pk": 2, "fields": {"name": "R", "icon": "skills/R_logo.svg_LccBNyw.png"}}, {"model": "portfolio.skill", "pk": 3, "fields": {"name": "SQL", "icon": "skills/SQL.png"}}, {"model": "portfolio.skill", "pk": 4, "fields": {"name": "Databricks", "icon": "skills/64246984585c9225aa4e4fc4_databricks.png"}}, {"model": "portfolio.skill", "pk": 5, "fields": {"name": "AWS S3", "icon": "skills/s3-logo.png"}}, {"model": "portfolio.skill", "pk": 6, "fields": {"name": "ETL Pipelines", "icon": "skills/etl_extract_transform_load_data_warehouse-512.webp"}}, {"model": "portfolio.skill", "pk": 7, "fields": {"name": "PyTorch", "icon": "skills/pytorch-logo.png"}}, {"model": "portfolio.skill", "pk": 8, "fields": {"name": "scikit-learn", "icon": "skills/Scikit_learn_logo_small.svg_YGVncGh.png"}}, {"model": "portfolio.skill", "pk": 9, "fields": {"name": "Apache Spark", "icon": "skills/Apache_Spark_logo.svg_kXR0an8.png"}}, {"model": "portfolio.skill", "pk": 10, "fields": {"name": "pandas", "icon": "skills/Pandas_mark.png"}}, {"model": "portfolio.skill", "pk": 11, "fields": {"name": "NumPy", "icon": "skills/file-type-numpy-icon-1901x2048-oulkqypt_q569Shk.png"}}, {"model": "portfolio.skill", "pk": 12, "fields": {"name": "Matplotlib", "icon": "skills/Matplotlib_icon_RQz2jkQ.png"}}, {"model": "portfolio.skill", "pk": 13, "fields": {"name": "seaborn", "icon": "skills/92159303-30d41100-edfb-11ea-8107-1c5352202571.png"}}, {"model": "portfolio.skill", "pk": 14, "fields": {"name": "Shiny", "icon": "skills/Shiny-logo_ZknY8s7.png"}}, {"model": "portfolio.skill", "pk": 15, "fields": {"name": "Tableau", "icon": "skills/tableau-logo-png-th525w75z77ccxc9.png"}}, {"model": "portfolio.skill", "pk": 16, "fields": {"name": "C", "icon": "skills/C_Programming_Language.png"}}, {"model": "portfolio.skill", "pk": 17, "fields": {"name": "JavaScript", "icon": "skills/JavaScript-logo.png"}}, {"model": "portfolio.skill", "pk": 18, "fields": {"name": "Tailwind CSS", "icon": "skills/Tailwind_CSS_Logo.png"}}, {"model": "portfolio.skill", "pk": 19, "fields": {"name": "CSS", "icon": "skills/CSS3_logo_and_wordmark.png"}}, {"model": "portfolio.skill", "pk": 20, "fields": {"name": "HTML", "icon": "skills/HTML5_logo_and_wordmark_Q2BoVPV.png"}}, {"model": "portfolio.skill", "pk": 21, "fields": {"name": "Plotly", "icon": "skills/Plotly-logo.png"}}, {"model": "portfolio.skill", "pk": 22, "fields": {"name": "Google Sites", "icon": "skills/Google_Sites_2020_Logo.png"}}, {"model": "portfolio.skill", "pk": 23, "fields": {"name": "Google Sheets", "icon": "skills/Google_Sheets_logo_2014-2020_KxgvvIP.png"}}, {"model": "portfolio.skill", "pk": 24, "fields": {"name": "React", "icon": "skills/React-icon.png"}}, {"model": "portfolio.skill", "pk": 25, "fields": {"name": "Three.js", "icon": "skills/three-js-icon.png"}}, {"model": "portfolio.skill", "pk": 26, "fields": {"name": "Django", "icon": "skills/django-logo-negative.png"}}, {"model": "portfolio.skill", "pk": 27, "fields": {"name": "PostgreSQL", "icon": "skills/Postgresql_elephant.png"}}, {"model": "portfolio.skill", "pk": 28, "fields": {"name": "Tutoring", "icon": "skills/pngtree-book-clipart-vector-png-image_6653535_emukNwz.png"}}, {"model": "portfolio.skill", "pk": 29, "fields": {"name": "Scala", "icon": "skills/scala-icon.png"}}, {"model": "portfolio.skill", "pk": 30, "fields": {"name": "Snowflake", "icon": "skills/Snowflake-Symbol.png"}}, {"model": "portfolio.skill", "pk": 31, "fields": {"name": "Apache Airflow", "icon": "skills/airflow-icon.png"}}, {"model": "portfolio.skill", "pk": 32, "fields": {"name": "OpenAI", "icon": "skills/openai-icon.png"}}, {"model": "portfolio.skill", "pk": 33, "fields": {"name": "AWS SageMaker", "icon": "skills/sagemaker-logo.png"}}, {"model": "portfolio.skill", "pk": 34, "fields": {"name": "AWS Bedrock", "icon": "skills/bedrock-icon.png"}}, {"model": "portfolio.skill", "pk": 35, "fields": {"name": "Sigma", "icon": "skills/sigma-logo.jpg"}}, {"model": "portfolio.skill", "pk": 36, "fields": {"name": "Apache Zeppelin", "icon": "skills/zeppelin-icon.png"}}, {"model": "portfolio.skill", "pk": 37, "fields": {"name": "Bitbucket", "icon": "skills/44_Bitbucket_logo_logos-1024.webp"}}, {"model": "portfolio.skill", "pk": 38, "fields": {"name": "Jira", "icon": "skills/jira-icon.png"}}, {"model": "portfolio.skill", "pk": 39, "fields": {"name": "AWS EKS", "icon": "skills/awseks-icon.png"}}, {"model": "portfolio.skill", "pk": 40, "fields": {"name": "AWS Lambda", "icon": "skills/aws-lambda-icon.png"}}, {"model": "portfolio.skill", "pk": 41, "fields": {"name": "Z3", "icon": "skills/z3-logo.jpg"}}, {"model": "portfolio.experience", "pk": 1, "fields": {"title": "Data Scientist Intern", "company": "Philadelphia Union", "description": "Managed data within Databricks and Amazon Web Services (AWS) S3 environments to automate data aggregation and processing pipelines. Developed Python, R, and SQL scripts to identify data-driven insights and create visualizations to support soccer analytics and sports science. Implemented unsupervised learning algorithms and neural networks to assist in player recruitment within the Shiny platform.", "start_date": "2024-05-28", "end_date": "2024-12-01", "image": "experience/Philadelphia_Union_2018_logo_701otJn.png", "skills": [1, 2, 3, 4, 5, 6, 7, 8, 9, 10, 11, 12, 13, 14, 15, 21]}}, {"model": "portfolio.experience", "pk": 2, "fields": {"title": "Data Analyst Intern", "company": "Impulsora del Deportivo Necaxa S.A. de C.V.", "description": "Developed a comprehensive online platform with player and league data for the Scouting Department of Liga MX Professional Soccer Team. Streamlined the player recruitment process through the identification of key attributes and statistics. Built projects using Python, SQL, JavaScript, HTML, CSS, Google Sites, and Google Sheets.", "start_date": "2023-06-01", "end_date": "2023-12-01", "image": "experience/Club_Necaxa_Logo_mP48odH.png", "skills": [1, 3, 17, 19, 20, 22, 23]}}, {"model": "portfolio.experience", "pk": 3, "fields": {"title": "Mathematics Tutor", "company": "Delbarton Summer School", "description": "Developed lesson plans and tutored students aged 7-16 in pre-algebra through calculus. Generated weekly student progress reports for parent and teacher review.", "start_date": "2022-06-01", "end_date": "2022-07-01", "image": "experience/DelbartonSeal_RGB_PRkfSHR.png", "skills": [28]}}, {"model": "portfolio.experience", "pk": 4, "fields": {"title": "AI / ML Engineering Intern", "company": "TrueData", "description": "Developed a clustering and NLP-based segmentation system in AWS Bedrock that identified high-value audience segments, directly contributing to new customer acquisition and revenue lift. Built an automated data evaluation pipeline using OpenAI LLMs and Google Sheets API, eliminating a previously manual supplier vetting process across client and analytics teams. Deployed end-to-end workflows via Airflow and AWS Lambda, integrating with S3 and Snowflake for scalable, production-level automation. Contributed to weekly customer data processing and delivery, supporting pipeline maintenance, debugging, and data analysis using Zeppelin and Sigma. Collaborated across remote teams using Bitbucket and Jira, gaining experience with version control, agile workflows, and cross-functional project coordination.", "start_date": "2025-05-27", "end_date": null, "image": "experience/ChatGPT_Image_Jun_18_2025_10_29_04_AM.png", "skills": [1, 32, 33, 34, 3, 35, 36, 6, 5, 8, 9, 10, 37, 38, 39, 40, 29, 30, 31]}}, {"model": "portfolio.experience", "pk": 5, "fields": {"title": "Senior Honors Thesis", "company": "Amherst College", "description": "Conducting an honors thesis on Text-to-SQL modeling, exploring how large language models (LLMs) can serve as natural language interfaces to databases. Applying logical equivalence checking to improve evaluation and majority voting across SQL-generating models, building on frameworks like VeriEQL and Mediator. Aiming to enhance accessibility and robustness of data querying for non-technical users by enabling semantically meaningful comparisons between SQL queries. Collaborating with Amherst faculty among other researchers; final results to be formally published and presented as part of a senior honors defense.", "start_date": "2025-06-09", "end_date": null, "image": "experience/ChatGPT_Image_Jun_18_2025_10_23_23_AM.png", "skills": [1, 3, 41]}}, {"model": "portfolio.tag", "pk": 1, "fields": {"name": "Data Science"}}, {"model": "portfolio.tag", "pk": 2, "fields": {"name": "Web Development"}}, {"model": "portfolio.tag", "pk": 3, "fields": {"name": "AI/ML"}}, {"model": "portfolio.tag", "pk": 5, "fields": {"name": "Data Engineering"}}, {"model": "portfolio.project", "pk": 1, "fields": {"name": "Match Prediction Model", "description": "Developed a Convolutional Neural Network (CNN) using PyTorch to predict professional soccer match outcomes based on historical betting data (2002-2023). Improved prediction accuracy by optimizing hyperparameters and analyzing model performance metrics.", "github_url": "https://github.com/atremante26/ML_Football_Match_Predictor", "site_url": "https://youtu.be/_78TkQ1djPI", "image": "project/matchpredictionmodelarch.png", "tags": [3], "skills": [1, 10, 11, 7]}}, {"model": "portfolio.project", "pk": 2, "fields": {"name": "Player Market Value Shiny App", "description": "Built an interactive Shiny web application analyzing factors influencing soccer player market values. Applied clustering algorithms to identify trends and segments in player valuations.", "github_url": "https://github.com/atremante26/Footballers_Geography_App", "site_url": null, "image": "project/PlayerMarketValueShinyAppDemo_TueZf5e.png", "tags": [1, 3], "skills": [2, 14]}}, {"model": "portfolio.project", "pk": 3, "fields": {"name": "Personal Website", "description": "Personal website built using React, Django, and PostgreSQL.", "github_url": "https://github.com/atremante26/Personal_Website", "site_url": null, "image": "project/PersonalWebsiteDemo_qMbQuPe.png", "tags": [2], "skills": [17, 18, 20, 24, 25, 26, 27]}}, {"model": "portfolio.interest", "pk": 1, "fields": {"topic": "Piano", "description": "During COVID, I taught myself to play piano by ear. I learned two classical pieces — Beethoven's Moonlight Sonata (Movement I) and Chopin's Nocturne in E-flat major, Op. 9, No. 2.", "image": "interests/nocturneimage.png", "url": "https://drive.google.com/file/d/1crH9-MxLcqnRYeIGXoUGEuXlx0hhOI05/view?usp=sharing", "tags": []}}, {"model": "portfolio.interest", "pk": 2, "fields": {"topic": "Soccer", "description": "NCAA Student-Athlete - Midfielder. 2024 NCAA DIII National Champion, 2022 & 2023 NESCAC Tournament Champions, 2023 & 2024 NESCAC All-Academic Honors.", "image": "interests/crop.png", "url": "https://athletics.amherst.edu/news/2024/12/7/mens-soccer-8-amherst-become-national-champions-after-nailbiting-penalty-shootout-versus-conn.aspx", "tags": []}}, {"model": "portfolio.interest", "pk": 3, "fields": {"topic": "History", "description": "I’ve always loved learning about the past. Alongside my studies in computer science and math, I’ve made time to explore history through books, documentaries, and travel. I’m especially drawn to Napoleonic Europe, the American Revolution, and the ancient Mediterranean as they reveal so much about how the modern world was shaped.", "image": "interests/napoleon-painting.png", "url": null, "tags": []}}, {"model": "portfolio.interest", "pk": 4, "fields": {"topic": "Travel", "description": "In the spring of 2025, I had the opportunity to study abroad in Madrid, Spain for the semester. Over the course of three months, I had the amazing experience of traveling throughout Spain and Western Europe. I visited lots of places in Spain, including Barcelona, Santiago de Compostela, Sevilla, Mallorca, and more. I also got to see London, Paris, and spend a week in Italy where I traveled through Venice, Florence, Milan, Rome, Naples and Pompeii, and the Amalfi Coast. In the future, I hope to travel to Eastern Europe and Asia to experience these amazing countries and cultures!", "image": "interests/travel-col-rome-image.png", "url": null, "tags": []}}]